City_ID,City,Country,Date,Lat,Lng,Max Temp,Humidity,Cloudiness,Wind Speed
0,Jamestown,US,2020-10-07 00:41:30,42.1,-79.24,60.01,66,1,11.41
1,Tarauaca,BR,2020-10-07 00:45:53,-8.16,-70.77,80.47,56,26,1.79
2,Rikitea,PF,2020-10-07 00:45:53,-23.12,-134.97,74.03,82,100,7.9
3,Kapaa,US,2020-10-07 00:45:54,22.08,-159.32,87.01,66,40,5.82
4,Carnarvon,AU,2020-10-07 00:45:54,-24.87,113.63,64.4,39,0,8.05
5,Hermanus,ZA,2020-10-07 00:45:54,-34.42,19.23,57.99,91,0,3.0
6,Ushuaia,AR,2020-10-07 00:45:55,-54.8,-68.3,37.4,74,20,28.86
7,Ulladulla,AU,2020-10-07 00:45:55,-35.35,150.47,63.0,100,75,3.36
8,Tongchuan,CN,2020-10-07 00:45:55,35.08,109.09,54.3,63,0,4.52
9,Waingapu,ID,2020-10-07 00:45:55,-9.66,120.26,82.99,53,0,6.08
10,Port Elizabeth,ZA,2020-10-07 00:45:56,-33.92,25.57,57.2,100,75,2.24
11,Kyra,RU,2020-10-07 00:45:56,49.58,111.98,37.15,74,0,2.91
12,Butaritari,KI,2020-10-07 00:45:56,3.07,172.79,82.65,78,0,11.7
13,Bredasdorp,ZA,2020-10-07 00:45:13,-34.53,20.04,53.6,93,8,2.44
14,Hofn,IS,2020-10-07 00:45:57,64.25,-15.21,47.84,94,100,9.66
15,Bathsheba,BB,2020-10-07 00:45:57,13.22,-59.52,75.2,94,75,4.7
16,Borovoy,RU,2020-10-07 00:45:57,55.43,86.08,33.8,64,100,13.42
17,Briancon,FR,2020-10-07 00:45:57,44.9,6.65,55.99,64,100,1.99
18,Upernavik,GL,2020-10-07 00:45:57,72.79,-56.15,20.07,82,6,6.17
19,Vardo,NO,2020-10-07 00:45:58,70.37,31.11,44.62,83,13,15.64
20,Arman,RU,2020-10-07 00:45:58,59.7,150.17,44.31,51,0,9.24
21,Batagay-Alyta,RU,2020-10-07 00:45:58,67.8,130.41,29.41,85,100,6.04
22,Mamallapuram,IN,2020-10-07 00:45:59,12.63,80.17,82.4,78,20,6.93
23,Korla,CN,2020-10-07 00:45:59,41.76,86.15,48.29,34,95,14.5
24,Manokwari,ID,2020-10-07 00:45:59,-0.87,134.08,84.45,71,100,9.31
25,Ballina,AU,2020-10-07 00:45:59,-28.87,153.57,75.2,60,40,11.41
26,Bubaque,GW,2020-10-07 00:46:00,11.28,-15.83,81.64,76,100,7.16
27,Port Blair,IN,2020-10-07 00:46:00,11.67,92.75,81.91,77,100,8.46
28,Port Alfred,ZA,2020-10-07 00:46:00,-33.59,26.89,60.76,90,7,1.81
29,Cape Town,ZA,2020-10-07 00:45:04,-33.93,18.42,61.0,93,1,12.75
30,Barrow,US,2020-10-07 00:46:00,71.29,-156.79,30.2,80,90,8.48
31,Hithadhoo,MV,2020-10-07 00:46:01,-0.6,73.08,82.72,72,88,9.91
32,Mariental,NA,2020-10-07 00:46:01,-24.63,17.97,60.82,47,0,9.78
33,Hobart,AU,2020-10-07 00:45:53,-42.88,147.33,59.0,58,20,9.17
34,Galesong,ID,2020-10-07 00:46:01,-5.32,119.37,80.6,78,20,1.12
35,Port Keats,AU,2020-10-07 00:46:02,-14.25,129.55,89.58,51,27,2.08
36,Noumea,NC,2020-10-07 00:46:02,-22.28,166.46,77.0,64,90,8.05
37,Touros,BR,2020-10-07 00:46:02,-5.2,-35.46,75.2,88,40,4.7
38,Vaini,TO,2020-10-07 00:46:02,-21.2,-175.2,78.8,88,75,11.41
39,Albany,US,2020-10-07 00:41:12,42.6,-73.97,57.99,58,10,4.09
40,Bambous Virieux,MU,2020-10-07 00:46:03,-20.34,57.76,72.0,94,20,3.36
41,Lubango,AO,2020-10-07 00:46:03,-14.92,13.49,61.99,31,8,3.09
42,Yellowknife,CA,2020-10-07 00:46:03,62.46,-114.35,42.8,75,75,8.05
43,Ribeira Grande,PT,2020-10-07 00:46:03,38.52,-28.7,69.35,78,67,16.02
44,Thompson,CA,2020-10-07 00:46:04,55.74,-97.86,35.6,74,75,3.11
45,Manoel Urbano,BR,2020-10-07 00:46:04,-8.84,-69.26,84.16,54,100,1.03
46,Tilichiki,RU,2020-10-07 00:46:04,60.47,166.1,35.17,91,100,31.79
47,Nalut,LY,2020-10-07 00:46:04,30.33,10.85,66.25,82,0,18.66
48,Mar Del Plata,AR,2020-10-07 00:44:35,-38.0,-57.56,59.0,81,100,3.36
49,Funadhoo,MV,2020-10-07 00:46:05,6.15,73.27,81.64,76,46,13.49
50,Kingaroy,AU,2020-10-07 00:46:05,-26.53,151.83,71.6,53,75,8.05
51,Severo-Kurilsk,RU,2020-10-07 00:46:05,50.68,156.12,49.1,75,61,23.87
52,Puerto Ayora,EC,2020-10-07 00:46:06,-0.74,-90.35,66.99,91,18,3.0
53,Busselton,AU,2020-10-07 00:46:06,-33.65,115.33,60.01,70,0,5.99
54,Atuona,PF,2020-10-07 00:46:06,-9.8,-139.03,78.1,77,11,16.37
55,Santa Luzia,BR,2020-10-07 00:46:06,-19.77,-43.85,82.4,42,40,3.36
56,Safaga,EG,2020-10-07 00:46:07,26.73,33.94,78.8,39,0,4.7
57,Ostrovnoy,RU,2020-10-07 00:46:08,68.05,39.51,42.33,87,50,13.09
58,Bulgan,MN,2020-10-07 00:46:08,48.81,103.53,37.65,75,100,2.91
59,Avarua,CK,2020-10-07 00:46:08,-21.21,-159.78,77.0,61,69,17.22
60,Mataura,NZ,2020-10-07 00:46:08,-46.19,168.86,50.0,79,100,13.0
61,Jadu,LY,2020-10-07 00:46:08,31.95,12.03,63.48,85,53,13.98
62,Kavieng,PG,2020-10-07 00:46:09,-2.57,150.8,85.66,63,7,5.93
63,Bluff,NZ,2020-10-07 00:44:37,-46.6,168.33,50.0,79,100,13.0
64,Lompoc,US,2020-10-07 00:44:54,34.64,-120.46,71.01,77,1,9.17
65,Turukhansk,RU,2020-10-07 00:46:09,65.82,87.98,24.42,97,89,6.06
66,Thunder Bay,CA,2020-10-07 00:43:56,48.4,-89.32,51.8,93,75,2.24
67,Hanzhong,CN,2020-10-07 00:46:10,33.07,107.03,53.02,78,37,2.24
68,Farafangana,MG,2020-10-07 00:46:10,-22.82,47.83,65.01,93,98,4.21
69,Rengo,CL,2020-10-07 00:46:11,-34.42,-70.87,62.6,33,0,5.82
70,Santa Barbara,US,2020-10-07 00:44:58,34.42,-119.7,75.99,56,1,6.93
71,Cidreira,BR,2020-10-07 00:46:11,-30.18,-50.21,57.92,89,54,7.58
72,Ayorou,NE,2020-10-07 00:46:11,14.73,0.92,92.28,27,60,12.06
73,Nikolskoye,RU,2020-10-07 00:46:12,59.7,30.79,54.0,93,40,4.47
74,Cairns,AU,2020-10-07 00:46:12,-16.92,145.77,84.99,51,40,12.75
75,Dikson,RU,2020-10-07 00:46:12,73.51,80.55,32.85,92,100,14.9
76,Vao,NC,2020-10-07 00:46:12,-22.67,167.48,70.52,82,0,15.39
77,Amagasaki,JP,2020-10-07 00:46:13,34.72,135.42,68.0,60,75,3.36
78,Bethel,US,2020-10-07 00:45:26,41.37,-73.41,57.0,81,1,4.94
79,Torbay,CA,2020-10-07 00:43:06,47.67,-52.73,46.0,87,20,8.05
80,Punta Arenas,CL,2020-10-07 00:46:13,-53.15,-70.92,39.2,80,0,5.82
81,Ilhabela,BR,2020-10-07 00:41:53,-23.78,-45.36,73.29,90,78,1.61
82,Tingi,TZ,2020-10-07 00:46:14,-11.3,35.03,65.46,65,0,7.14
83,Lata,PT,2020-10-07 00:46:14,40.16,-8.33,60.01,93,19,5.82
84,Isangel,VU,2020-10-07 00:46:15,-19.55,169.27,78.8,78,75,9.17
85,Port Augusta,AU,2020-10-07 00:46:15,-32.5,137.77,53.6,81,90,11.41
86,Kutum,SD,2020-10-07 00:46:15,14.2,24.67,78.64,28,0,8.97
87,Cabo San Lucas,MX,2020-10-07 00:46:16,22.89,-109.91,87.8,52,5,11.41
88,Cap Malheureux,MU,2020-10-07 00:46:16,-19.98,57.61,72.0,86,1,3.0
89,Bonthe,SL,2020-10-07 00:46:16,7.53,-12.51,77.72,87,100,5.32
90,East London,ZA,2020-10-07 00:46:16,-33.02,27.91,64.54,85,0,4.61
91,Sayyan,YE,2020-10-07 00:46:16,15.17,44.32,55.87,35,0,6.02
92,Kattivakkam,IN,2020-10-07 00:46:16,13.22,80.32,82.4,78,20,6.93
93,Sao Filipe,CV,2020-10-07 00:46:17,14.9,-24.5,78.94,73,12,4.94
94,North Bend,US,2020-10-07 00:46:17,43.41,-124.22,73.99,77,1,6.93
95,Grand Gaube,MU,2020-10-07 00:46:17,-20.01,57.66,72.0,86,2,3.0
96,Guerrero Negro,MX,2020-10-07 00:46:17,27.98,-114.06,82.63,42,90,15.43
97,Tasiilaq,GL,2020-10-07 00:46:17,65.61,-37.64,32.0,95,100,1.12
98,Mukhen,RU,2020-10-07 00:46:17,48.1,136.1,49.8,63,26,10.04
99,Yar-Sale,RU,2020-10-07 00:46:18,66.83,70.83,31.93,94,99,21.23
100,Hilo,US,2020-10-07 00:46:18,19.73,-155.09,87.8,58,20,12.75
101,Ranong,TH,2020-10-07 00:46:18,9.97,98.63,75.2,94,75,4.7
102,Deputatskiy,RU,2020-10-07 00:46:18,69.3,139.9,25.36,89,0,22.57
103,Hasaki,JP,2020-10-07 00:46:19,35.73,140.83,73.0,64,40,14.99
104,Khasan,RU,2020-10-07 00:46:19,42.43,130.64,54.21,51,0,2.68
105,Caraquet,CA,2020-10-07 00:46:19,47.79,-64.94,57.2,67,90,13.87
106,Arys,KZ,2020-10-07 00:46:20,42.43,68.8,39.2,60,0,4.47
107,Arraial Do Cabo,BR,2020-10-07 00:46:20,-22.97,-42.03,74.07,94,0,17.27
108,Mwense,ZM,2020-10-07 00:46:20,-10.38,28.7,71.33,32,35,2.8
109,Teguldet,RU,2020-10-07 00:46:20,57.31,88.17,31.82,98,100,12.91
110,Ahipara,NZ,2020-10-07 00:46:21,-35.17,173.17,63.12,67,54,10.83
111,Iqaluit,CA,2020-10-07 00:46:13,63.75,-68.51,33.8,96,90,20.8
112,Rio Grande,BR,2020-10-07 00:46:22,-32.03,-52.1,57.0,90,99,6.85
113,Maragogi,BR,2020-10-07 00:43:52,-9.01,-35.22,74.19,86,14,7.7
114,Lavrentiya,RU,2020-10-07 00:46:22,65.58,-171.0,35.26,83,100,16.33
115,Codrington,AU,2020-10-07 00:46:22,-38.27,141.97,54.97,89,100,11.48
116,New Norfolk,AU,2020-10-07 00:46:23,-42.78,147.06,59.0,69,0,1.99
117,Chokurdakh,RU,2020-10-07 00:46:23,70.63,147.92,28.74,96,95,13.69
118,Sur,OM,2020-10-07 00:46:23,22.57,59.53,78.08,54,0,6.82
119,Constitucion,CL,2020-10-07 00:46:23,-35.33,-72.42,50.68,82,0,12.41
120,Gaya,IN,2020-10-07 00:46:23,24.78,85.0,78.8,94,75,1.19
121,Mercedes,AR,2020-10-07 00:46:24,-34.65,-59.43,57.99,33,1,1.99
122,Saint-Augustin,CA,2020-10-07 00:42:37,51.23,-58.65,50.74,89,100,21.99
123,Mount Isa,AU,2020-10-07 00:46:25,-20.73,139.5,80.6,39,90,11.41
124,Agadir,MA,2020-10-07 00:43:57,30.42,-9.6,62.6,82,100,4.7
125,Elko,US,2020-10-07 00:46:25,41.0,-115.5,80.6,6,1,6.93
126,Aykhal,RU,2020-10-07 00:46:26,66.0,111.5,26.6,86,90,4.47
127,Jumla,NP,2020-10-07 00:46:26,29.27,82.18,50.86,48,0,4.45
128,Pierre,US,2020-10-07 00:43:28,44.37,-100.35,75.2,31,1,6.93
129,Margate,GB,2020-10-07 00:46:26,51.38,1.39,60.01,88,0,3.0
130,Georgetown,MY,2020-10-07 00:46:26,5.41,100.34,77.0,94,40,5.82
131,San Patricio,MX,2020-10-07 00:42:47,19.22,-104.7,86.0,74,75,3.0
132,Fabiansebestyen,HU,2020-10-07 00:46:26,46.68,20.47,57.0,96,100,6.2
133,Airai,TL,2020-10-07 00:46:27,-8.93,125.41,73.53,69,29,2.95
134,Itarema,BR,2020-10-07 00:46:27,-2.92,-39.92,78.1,79,0,14.52
135,Yinchuan,CN,2020-10-07 00:46:27,38.47,106.27,54.91,50,0,3.27
136,Raudeberg,NO,2020-10-07 00:46:28,61.99,5.14,54.0,72,99,12.21
137,San Cristobal,VE,2020-10-07 00:44:07,7.77,-72.22,67.35,91,100,1.59
138,Ninghai,CN,2020-10-07 00:46:28,29.29,121.42,73.0,72,75,8.95
139,Grindavik,IS,2020-10-07 00:46:28,63.84,-22.43,41.0,93,75,5.82
140,Visnes,NO,2020-10-07 00:46:29,59.36,5.22,55.0,87,11,9.17
141,Waddan,LY,2020-10-07 00:46:29,29.16,16.14,78.58,23,0,8.1
142,Whitianga,NZ,2020-10-07 00:46:29,-36.83,175.7,66.0,78,97,8.01
143,Tuktoyaktuk,CA,2020-10-07 00:46:30,69.45,-133.04,33.8,80,90,8.05
144,Leningradskiy,RU,2020-10-07 00:46:30,69.38,178.42,26.38,88,0,4.83
145,Hualmay,PE,2020-10-07 00:46:30,-11.1,-77.61,62.78,82,66,6.33
146,Nishihara,JP,2020-10-07 00:46:30,26.18,127.76,78.8,50,75,14.99
147,Kruisfontein,ZA,2020-10-07 00:46:30,-34.0,24.73,55.0,97,0,1.01
148,Poum,NC,2020-10-07 00:46:31,-20.23,164.02,72.88,76,0,16.98
149,Karratha,AU,2020-10-07 00:41:31,-20.74,116.85,71.17,23,0,19.19
150,Ortona,IT,2020-10-07 00:46:31,42.35,14.4,68.0,42,100,8.05
151,Catemaco,MX,2020-10-07 00:46:32,18.42,-95.12,82.4,69,75,23.04
152,Porbandar,IN,2020-10-07 00:46:32,21.64,69.61,79.48,79,34,7.36
153,Hammerfest,NO,2020-10-07 00:46:32,70.66,23.68,46.4,81,40,21.92
154,Gorin,RU,2020-10-07 00:46:32,51.2,136.67,48.83,62,9,2.62
155,Skibbereen,IE,2020-10-07 00:46:33,51.55,-9.27,44.6,87,20,5.82
156,Fonte Boa,BR,2020-10-07 00:46:33,-2.5,-66.27,77.99,79,97,1.79
157,Lebu,CL,2020-10-07 00:46:33,-37.62,-73.65,46.83,81,0,11.81
158,Cayenne,GF,2020-10-07 00:46:33,4.93,-52.33,78.8,88,18,2.24
159,Dukat,RU,2020-10-07 00:46:34,62.55,155.55,26.56,83,1,5.79
160,Pevek,RU,2020-10-07 00:46:34,69.7,170.31,31.3,87,9,7.72
161,Los Cedrales,PY,2020-10-07 00:46:34,-25.65,-54.7,82.4,74,0,3.36
162,Saint-Raymond,CA,2020-10-07 00:41:58,45.47,-73.61,59.0,76,90,3.36
163,Sitka,US,2020-10-07 00:46:34,57.05,-135.33,51.8,76,75,4.7
164,Tuatapere,NZ,2020-10-07 00:46:35,-46.13,167.68,50.0,79,100,13.0
165,Estevan,CA,2020-10-07 00:45:15,49.13,-102.98,62.6,29,90,26.4
166,Vila Velha,BR,2020-10-07 00:41:43,-20.33,-40.29,81.0,78,0,16.11
167,Mitsamiouli,KM,2020-10-07 00:46:35,-11.38,43.28,76.96,75,0,5.03
168,Buraydah,SA,2020-10-07 00:46:35,26.33,43.98,75.2,33,0,3.36
169,Troitsko-Pechorsk,RU,2020-10-07 00:46:35,62.71,56.2,29.88,93,0,2.51
170,Zamosc,PL,2020-10-07 00:44:03,50.72,23.25,51.8,100,0,2.24
171,Karaton,ID,2020-10-07 00:46:36,-6.34,106.1,84.99,78,35,4.7
172,Nanortalik,GL,2020-10-07 00:46:36,60.14,-45.24,32.56,86,0,19.89
173,Barcelos,PT,2020-10-07 00:46:36,41.54,-8.62,59.0,100,75,3.36
174,Saint George,US,2020-10-07 00:46:37,37.1,-113.58,91.99,5,1,3.36
175,Qaanaaq,GL,2020-10-07 00:46:37,77.48,-69.36,12.99,81,0,5.19
176,Inuvik,CA,2020-10-07 00:46:37,68.35,-133.72,33.8,90,90,12.75
177,Praia Da Vitoria,PT,2020-10-07 00:46:37,38.73,-27.07,69.01,100,20,11.27
178,Lorengau,PG,2020-10-07 00:46:38,-2.02,147.27,83.59,78,31,7.27
179,California,US,2020-10-07 00:46:38,38.3,-76.51,61.0,82,1,8.48
180,Magdalena,PH,2020-10-07 00:46:38,14.2,121.43,80.01,94,90,2.24
181,Balabac,PH,2020-10-07 00:46:38,7.99,117.06,84.27,74,69,10.58
182,Nome,US,2020-10-07 00:46:39,64.5,-165.41,37.0,69,90,10.29
183,Hadejia,NG,2020-10-07 00:46:39,12.45,10.04,82.56,59,100,13.24
184,Coquimbo,CL,2020-10-07 00:46:39,-29.95,-71.34,55.4,82,89,8.05
185,Fortuna,US,2020-10-07 00:43:03,40.6,-124.16,57.99,100,90,6.93
186,Gao,ML,2020-10-07 00:46:40,16.64,1.64,92.1,20,7,3.78
187,Klaksvik,FO,2020-10-07 00:46:40,62.23,-6.59,51.8,87,97,2.24
188,Khatanga,RU,2020-10-07 00:46:40,71.97,102.5,12.6,97,85,7.18
189,Atkinson,US,2020-10-07 00:46:00,42.84,-71.15,60.01,85,7,6.93
190,Husavik,IS,2020-10-07 00:46:41,66.04,-17.34,42.8,93,90,3.36
191,Whakatane,NZ,2020-10-07 00:46:41,-37.96,176.99,72.0,71,92,5.99
192,Amilly,FR,2020-10-07 00:46:41,47.97,2.77,54.0,91,87,3.0
193,Port-Gentil,GA,2020-10-07 00:46:41,-0.72,8.78,78.06,84,100,12.21
194,Mahebourg,MU,2020-10-07 00:46:41,-20.41,57.7,68.0,94,20,3.36
195,Narsaq,GL,2020-10-07 00:46:42,60.92,-46.05,24.8,49,0,13.87
196,Ukiah,US,2020-10-07 00:46:42,39.15,-123.21,93.2,7,1,5.82
197,Srostki,RU,2020-10-07 00:46:43,52.42,85.7,28.54,95,100,7.94
198,Qasigiannguit,GL,2020-10-07 00:46:43,68.82,-51.19,24.8,53,52,9.17
199,Araguaina,BR,2020-10-07 00:46:43,-7.19,-48.21,83.16,49,97,3.74
200,Shenzhen,CN,2020-10-07 00:46:44,22.55,114.07,75.99,75,0,1.01
201,Huanren,CN,2020-10-07 00:46:44,41.26,125.37,54.23,59,97,4.41
202,Abu Kamal,SY,2020-10-07 00:46:44,34.45,40.92,67.03,23,0,7.61
203,Faanui,PF,2020-10-07 00:46:45,-16.48,-151.75,77.95,79,1,15.99
204,Paamiut,GL,2020-10-07 00:46:45,61.99,-49.67,28.33,82,0,5.77
205,Pisco,PE,2020-10-07 00:46:45,-13.7,-76.22,64.0,82,27,10.29
206,San Lawrenz,MT,2020-10-07 00:46:45,36.06,14.2,71.01,82,0,11.41
207,Zhigalovo,RU,2020-10-07 00:46:45,54.81,105.16,31.26,89,88,5.68
208,Zyryanka,RU,2020-10-07 00:46:46,65.75,150.85,35.82,69,0,7.38
209,Tual,ID,2020-10-07 00:46:46,-5.67,132.75,81.45,78,99,5.95
210,Beyla,GN,2020-10-07 00:46:46,8.68,-8.63,67.41,94,100,1.12
211,Tucuman,AR,2020-10-07 00:45:26,-26.82,-65.22,73.4,46,77,2.24
212,Conde,BR,2020-10-07 00:46:47,-7.26,-34.91,75.2,88,20,5.82
213,Castro,BR,2020-10-07 00:46:06,-24.79,-50.01,69.22,58,1,3.29
214,Ormara,PK,2020-10-07 00:46:47,25.21,64.64,79.09,78,0,7.52
215,Pathanamthitta,IN,2020-10-07 00:44:21,9.27,76.78,75.29,92,59,2.19
216,Varzea Alegre,BR,2020-10-07 00:46:48,-5.35,-40.38,79.14,41,2,10.04
217,Provideniya,RU,2020-10-07 00:46:48,64.38,-173.3,37.4,93,90,17.9
218,Motupe,PE,2020-10-07 00:46:48,-6.15,-79.71,66.0,77,30,4.47
219,Kodiak,US,2020-10-07 00:46:48,57.79,-152.41,57.2,47,1,9.17
220,Ponta Do Sol,PT,2020-10-07 00:46:49,32.67,-17.1,69.8,88,75,12.75
221,Northam,GB,2020-10-07 00:46:49,51.03,-4.22,55.0,80,100,13.0
222,Norman Wells,CA,2020-10-07 00:46:49,65.28,-126.83,39.2,75,75,8.05
223,Mikhaylov,RU,2020-10-07 00:46:49,54.23,39.02,50.36,50,67,10.18
224,Saskylakh,RU,2020-10-07 00:46:49,71.92,114.08,21.79,96,100,12.93
225,Gat,IL,2020-10-07 00:46:50,31.61,34.76,70.0,55,0,1.99
226,Sept-Iles,CA,2020-10-07 00:42:35,50.2,-66.38,50.0,87,90,8.05
227,Houma,US,2020-10-07 00:43:42,29.6,-90.72,73.99,88,75,5.82
228,Srandakan,ID,2020-10-07 00:46:50,-7.94,110.25,79.0,57,45,11.32
229,Castelo Do Piaui,BR,2020-10-07 00:46:50,-5.32,-41.55,79.86,29,12,6.15
230,Spearfish,US,2020-10-07 00:44:06,44.49,-103.86,69.8,26,1,6.93
231,Yulara,AU,2020-10-07 00:43:56,-25.24,130.99,53.6,71,0,10.29
232,Gambela,ET,2020-10-07 00:46:51,8.25,34.58,68.7,89,100,3.09
233,Loa Janan,ID,2020-10-07 00:46:51,-0.58,117.09,80.44,86,100,2.77
234,Vanimo,PG,2020-10-07 00:46:51,-2.67,141.3,86.7,61,97,7.09
235,Lockport,US,2020-10-07 00:46:52,41.59,-88.06,66.2,55,1,6.93
236,Myitkyina,MM,2020-10-07 00:46:52,25.38,97.4,73.15,95,99,1.95
237,Caramay,PH,2020-10-07 00:46:52,10.18,119.24,83.84,74,100,1.5
238,Lagoa,PT,2020-10-07 00:46:52,39.05,-27.98,68.67,77,9,15.41
239,Smithers,CA,2020-10-07 00:46:52,54.78,-127.17,53.6,46,40,10.29
240,San Carlos De Bariloche,AR,2020-10-07 00:46:52,-41.15,-71.31,39.2,69,75,19.46
241,Santiago De Puringla,HN,2020-10-07 00:46:53,14.36,-87.9,75.2,73,75,4.7
242,Souillac,MU,2020-10-07 00:46:53,-20.52,57.52,68.0,94,20,3.36
243,Inirida,CO,2020-10-07 00:46:53,3.87,-67.92,74.05,95,19,2.62
244,Kaitangata,NZ,2020-10-07 00:46:53,-46.28,169.85,46.0,83,100,11.01
245,Sandviken,SE,2020-10-07 00:46:53,60.62,16.77,51.01,96,100,11.52
246,Jalu,LY,2020-10-07 00:46:54,29.03,21.55,75.22,20,64,3.53
247,Pak Phanang,TH,2020-10-07 00:46:54,8.35,100.2,80.6,94,75,2.24
248,Solnechnyy,RU,2020-10-07 00:46:54,50.72,136.63,47.88,67,5,2.91
249,Inhambane,MZ,2020-10-07 00:46:54,-23.86,35.38,67.66,83,4,8.79
250,Taoudenni,ML,2020-10-07 00:46:55,22.68,-3.98,93.4,18,0,8.05
251,Mayo,US,2020-10-07 00:46:55,38.89,-76.51,60.01,93,0,8.39
252,Vila Franca Do Campo,PT,2020-10-07 00:46:55,37.72,-25.43,68.0,77,75,8.05
253,Portland,US,2020-10-07 00:42:28,45.52,-122.68,78.01,65,0,1.92
254,Beyneu,KZ,2020-10-07 00:46:56,45.32,55.2,37.36,77,0,6.69
255,Xinmin,CN,2020-10-07 00:46:56,41.99,122.83,55.4,66,0,2.24
256,Rocha,UY,2020-10-07 00:46:56,-34.48,-54.33,45.86,92,51,1.41
257,Santa Cruz,BO,2020-10-07 00:44:31,-17.8,-63.17,82.4,65,88,8.05
258,Geraldton,AU,2020-10-07 00:46:57,-28.77,114.6,59.0,44,0,11.41
259,Mareeba,AU,2020-10-07 00:46:57,-17.0,145.43,84.99,51,40,12.75
260,Sebring,US,2020-10-07 00:46:57,27.5,-81.44,80.6,88,1,8.05
261,Adrar,MR,2020-10-07 00:46:57,20.5,-10.07,90.73,30,100,8.25
262,Dingle,PH,2020-10-07 00:46:57,11.0,122.67,83.28,78,100,0.31
263,Maceio,BR,2020-10-07 00:42:58,-9.67,-35.74,71.6,88,40,3.36
264,Wanning,CN,2020-10-07 00:46:58,18.8,110.4,79.16,89,100,19.8
265,Spas-Klepiki,RU,2020-10-07 00:46:58,55.13,40.18,49.64,58,100,7.43
266,Obera,AR,2020-10-07 00:46:58,-27.49,-55.12,65.98,78,0,1.7
267,Trairi,BR,2020-10-07 00:44:40,-3.28,-39.27,78.01,80,0,11.14
268,Sao Geraldo Do Araguaia,BR,2020-10-07 00:46:58,-6.4,-48.55,82.92,51,99,1.81
269,Wakema,MM,2020-10-07 00:46:59,16.6,95.18,79.95,86,0,1.57
270,Nouadhibou,MR,2020-10-07 00:46:59,20.93,-17.03,71.6,88,79,9.17
271,Masumbwe,TZ,2020-10-07 00:46:59,-3.63,32.18,68.68,61,80,2.08
272,Tiksi,RU,2020-10-07 00:47:00,71.69,128.87,25.54,96,98,28.95
273,Bentiu,SS,2020-10-07 00:47:00,9.23,29.83,72.7,90,100,3.83
274,Cockburn Town,TC,2020-10-07 00:47:00,21.46,-71.14,82.2,76,0,20.4
275,Stokmarknes,NO,2020-10-07 00:47:01,68.56,14.91,55.99,66,100,7.0
276,Champerico,GT,2020-10-07 00:47:01,14.3,-91.92,78.8,94,90,4.45
277,Bairiki,KI,2020-10-07 00:46:59,1.33,172.98,86.0,74,40,8.05
278,Richards Bay,ZA,2020-10-07 00:47:01,-28.78,32.04,67.26,84,85,7.38
279,Aquiraz,BR,2020-10-07 00:47:02,-3.9,-38.39,78.8,83,20,11.41
280,Hede,CN,2020-10-07 00:47:02,33.77,120.25,66.04,63,100,6.93
281,Nara,JP,2020-10-07 00:42:12,34.69,135.8,73.0,60,75,5.82
282,Mega,ET,2020-10-07 00:47:02,4.05,38.3,64.09,62,84,16.02
283,Goderich,CA,2020-10-07 00:45:03,43.75,-81.72,57.99,84,100,20.24
284,Sochi,RU,2020-10-07 00:47:03,43.6,39.73,60.8,77,0,8.95
285,Mlonggo,ID,2020-10-07 00:47:03,-6.53,110.7,78.8,78,20,2.24
286,Saint-Philippe,RE,2020-10-07 00:47:03,-21.36,55.77,69.8,83,46,4.7
287,Carbonia,IT,2020-10-07 00:47:03,39.17,8.52,64.0,87,75,3.36
288,Tongling,CN,2020-10-07 00:47:03,30.95,117.78,57.6,92,100,4.52
289,Bac Lieu,VN,2020-10-07 00:47:01,9.29,105.72,77.43,89,100,6.58
290,Okotoks,CA,2020-10-07 00:47:04,50.73,-113.98,55.0,61,85,1.99
291,Ambanja,MG,2020-10-07 00:47:04,-13.68,48.45,74.17,88,84,1.03
292,Tuzha,RU,2020-10-07 00:47:05,57.61,47.94,49.12,94,100,2.26
293,Tessalit,ML,2020-10-07 00:47:05,20.2,1.01,88.12,18,0,12.68
294,Shenjiamen,CN,2020-10-07 00:47:05,29.96,122.3,68.22,72,100,16.26
295,Samarai,PG,2020-10-07 00:47:06,-10.62,150.67,78.87,80,98,14.05
296,Ojinaga,MX,2020-10-07 00:47:06,29.57,-104.42,91.4,9,1,5.82
297,Enshi,CN,2020-10-07 00:47:06,30.3,109.48,55.27,82,100,0.58
298,Verkhnevilyuysk,RU,2020-10-07 00:47:06,63.45,120.32,36.46,79,44,2.64
299,Wucheng,CN,2020-10-07 00:47:07,29.6,118.17,58.17,89,100,2.35
300,Corner Brook,CA,2020-10-07 00:47:07,48.97,-57.95,51.8,71,75,16.11
301,Pitimbu,BR,2020-10-07 00:47:07,-7.47,-34.81,75.2,88,20,5.82
302,Laguna,US,2020-10-07 00:47:07,38.42,-121.42,91.4,22,1,4.76
303,Esperance,AU,2020-10-07 00:47:07,-33.87,121.9,53.6,76,68,20.8
304,Katsuura,JP,2020-10-07 00:47:08,35.13,140.3,73.0,58,16,5.01
305,Kalabo,ZM,2020-10-07 00:47:08,-14.97,22.68,78.42,30,92,2.28
306,Ardakan,IR,2020-10-07 00:47:08,32.31,54.02,66.2,29,20,6.93
307,Port Hardy,CA,2020-10-07 00:47:10,50.7,-127.42,57.2,82,75,4.7
308,Kibala,TD,2020-10-07 00:47:10,9.11,18.35,77.0,94,99,4.41
309,Bengkulu,ID,2020-10-07 00:47:10,-3.8,102.27,79.34,77,37,3.2
310,Saint Anthony,US,2020-10-07 00:47:10,45.02,-93.22,78.8,33,40,11.41
311,Saldanha,ZA,2020-10-07 00:47:11,-33.01,17.94,59.0,87,10,9.17
312,Jaguariaiva,BR,2020-10-07 00:47:11,-24.25,-49.71,72.91,45,0,4.61
313,Morondava,MG,2020-10-07 00:47:12,-20.28,44.28,70.99,88,3,8.23
314,Hami,CN,2020-10-07 00:47:12,42.8,93.45,57.85,36,97,18.03
315,Olga,RU,2020-10-07 00:47:12,43.74,135.29,54.95,52,0,9.37
316,Tabou,CI,2020-10-07 00:47:12,4.42,-7.35,76.89,88,73,9.62
317,Mezen,RU,2020-10-07 00:43:33,65.85,44.24,40.15,87,86,9.15
318,Samandag,TR,2020-10-07 00:47:13,36.08,35.98,75.2,88,0,4.7
319,Bull Savanna,JM,2020-10-07 00:47:13,17.89,-77.59,77.83,88,29,9.22
320,Kupang,ID,2020-10-07 00:47:13,-10.17,123.58,87.8,58,40,4.7
321,Port Lincoln,AU,2020-10-07 00:47:13,-34.73,135.87,53.38,74,100,15.37
322,Santa Clara,CU,2020-10-07 00:47:13,22.4,-79.97,77.0,94,75,10.29
323,Vilhena,BR,2020-10-07 00:47:14,-12.74,-60.15,76.42,70,88,4.74
324,Ponta Delgada,PT,2020-10-07 00:47:14,37.73,-25.67,68.0,77,75,8.05
325,Ancud,CL,2020-10-07 00:47:14,-41.87,-73.82,45.0,86,0,4.7
326,Surt,LY,2020-10-07 00:47:14,31.21,16.59,79.56,50,7,10.63
327,Rodino,RU,2020-10-07 00:47:15,52.5,80.25,35.76,79,100,14.76
328,Mogadishu,SO,2020-10-07 00:47:15,2.04,45.34,79.38,85,100,9.04
329,Saquarema,BR,2020-10-07 00:47:15,-22.92,-42.51,77.0,83,20,3.36
330,Victoria,HK,2020-10-07 00:43:26,22.29,114.16,77.0,75,6,1.01
331,Tigil,RU,2020-10-07 00:47:15,57.8,158.67,43.63,63,100,17.58
332,Labuhan,ID,2020-10-07 00:47:16,-6.88,112.21,82.02,65,40,9.31
333,Vidim,RU,2020-10-07 00:47:16,56.41,103.11,28.62,92,100,9.17
334,Biltine,TD,2020-10-07 00:47:16,14.53,20.92,83.55,50,9,2.24
335,Saint-Gaudens,FR,2020-10-07 00:47:16,43.08,0.67,61.0,93,75,9.17
336,Moron,AR,2020-10-07 00:47:17,-34.65,-58.62,62.01,79,6,5.12
337,Conceicao Do Araguaia,BR,2020-10-07 00:46:04,-8.26,-49.26,82.0,52,100,4.63
338,Corinto,GR,2020-10-07 00:44:50,37.94,22.96,75.0,53,20,2.71
339,Susangerd,IR,2020-10-07 00:47:05,31.56,48.18,75.2,36,0,2.24
340,Talnakh,RU,2020-10-07 00:47:17,69.49,88.4,24.8,92,40,20.13
341,Yaring,TH,2020-10-07 00:47:18,6.87,101.37,77.0,100,20,4.7
342,Luderitz,NA,2020-10-07 00:47:18,-26.65,15.16,61.83,67,0,15.99
343,Mae Sai,TH,2020-10-07 00:47:18,20.43,99.88,73.4,100,40,1.28
344,Komsomolets,KZ,2020-10-07 00:47:18,53.75,62.07,44.17,86,100,11.14
345,Graulhet,FR,2020-10-07 00:47:19,43.77,1.99,59.0,93,100,17.22
346,Eureka,US,2020-10-07 00:47:19,40.8,-124.16,57.99,100,90,4.54
347,Dong Hoi,VN,2020-10-07 00:43:52,17.48,106.6,79.83,87,100,22.62
348,Sobolevo,RU,2020-10-07 00:47:20,54.43,31.9,51.4,89,100,14.9
349,Campbellsville,US,2020-10-07 00:47:20,37.34,-85.34,62.6,48,1,5.59
350,Mandera,KE,2020-10-07 00:47:20,3.94,41.87,78.71,71,4,14.14
351,Pacific Grove,US,2020-10-07 00:47:20,36.62,-121.92,60.01,82,40,4.7
352,Axim,GH,2020-10-07 00:47:20,4.87,-2.24,76.44,89,58,9.95
353,Pontianak,ID,2020-10-07 00:47:20,-0.03,109.33,79.83,86,100,5.1
354,Tateyama,JP,2020-10-07 00:47:21,34.98,139.87,71.01,73,75,23.04
355,Bambanglipuro,ID,2020-10-07 00:47:03,-7.95,110.28,79.0,57,42,11.63
356,Palmer,US,2020-10-07 00:47:21,42.16,-72.33,60.8,63,20,6.93
357,Kaspiysk,RU,2020-10-07 00:47:21,42.88,47.64,59.0,77,0,15.66
358,Beloeil,CA,2020-10-07 00:47:21,45.57,-73.2,60.01,67,90,6.93
359,Barkly West,ZA,2020-10-07 00:47:22,-28.54,24.52,51.8,66,0,5.82
360,Marshfield,US,2020-10-07 00:47:22,44.67,-90.17,62.6,48,1,10.29
361,Plettenberg Bay,ZA,2020-10-07 00:47:22,-34.05,23.37,59.85,86,0,1.61
362,Altagracia De Orituco,VE,2020-10-07 00:47:22,9.86,-66.38,72.57,93,100,1.59
363,Minot,US,2020-10-07 00:43:40,48.23,-101.3,66.2,43,90,27.51
364,Hirtshals,DK,2020-10-07 00:47:23,57.59,9.96,48.0,96,9,11.45
365,Gangoh,IN,2020-10-07 00:47:23,29.77,77.25,67.39,49,0,4.25
366,Lerwick,GB,2020-10-07 00:47:24,60.15,-1.15,51.8,93,100,8.05
367,Bilibino,RU,2020-10-07 00:47:24,68.05,166.44,28.04,88,63,1.57
368,Sumbe,AO,2020-10-07 00:47:24,-11.21,13.84,71.87,87,77,3.0
369,Hobyo,SO,2020-10-07 00:47:24,5.35,48.53,79.66,83,96,21.27
370,Carutapera,BR,2020-10-07 00:47:25,-1.2,-46.02,78.08,80,100,7.72
371,Novopokrovka,UA,2020-10-07 00:47:25,49.84,36.55,48.2,45,94,8.95
372,Biak,ID,2020-10-07 00:47:25,-0.91,122.88,80.89,66,100,2.93
373,Coruripe,BR,2020-10-07 00:47:25,-10.13,-36.18,73.87,83,4,8.97
374,Jardim Do Serido,BR,2020-10-07 00:47:25,-6.58,-36.77,72.48,76,0,19.37
375,Dunedin,NZ,2020-10-07 00:47:25,-45.87,170.5,50.0,76,100,8.99
376,Paka,MY,2020-10-07 00:47:26,4.64,103.44,73.4,100,40,2.04
377,Beloha,MG,2020-10-07 00:47:26,-25.17,45.05,63.91,81,6,12.1
378,Manta,EC,2020-10-07 00:45:55,-0.95,-80.73,75.2,73,40,13.87
379,Velizh,RU,2020-10-07 00:47:26,55.61,31.2,53.08,92,100,10.33
380,Clyde River,CA,2020-10-07 00:46:09,70.47,-68.59,32.0,95,90,13.87
381,Kaeo,NZ,2020-10-07 00:47:27,-35.1,173.78,66.47,52,0,5.59
382,Tazovskiy,RU,2020-10-07 00:47:27,67.47,78.7,30.27,96,100,14.25
383,Antalaha,MG,2020-10-07 00:47:27,-14.9,50.28,73.2,89,84,4.14
384,Yumen,CN,2020-10-07 00:47:27,40.28,97.2,47.98,53,100,1.99
385,Puerto Leguizamo,CO,2020-10-07 00:47:28,-0.19,-74.78,76.95,73,1,1.7
386,Pangnirtung,CA,2020-10-07 00:47:28,66.15,-65.71,29.5,84,100,17.05
387,Rosarito,MX,2020-10-07 00:47:28,32.33,-117.03,80.6,54,75,12.75
388,Valleyview,CA,2020-10-07 00:47:29,55.07,-117.29,48.16,51,3,6.11
389,Mankono,CI,2020-10-07 00:47:29,8.06,-6.19,71.53,87,98,2.21
390,Capaci,IT,2020-10-07 00:47:29,38.17,13.24,66.2,63,40,4.7
391,Luanda,AO,2020-10-07 00:47:29,-8.84,13.23,75.2,78,75,5.82
392,Bud,US,2020-10-07 00:47:29,39.45,-86.18,64.99,52,1,5.82
393,Kysyl-Syr,RU,2020-10-07 00:47:30,63.9,122.76,36.05,81,2,2.89
394,Otane,NZ,2020-10-07 00:47:30,-39.88,176.63,62.01,63,14,8.01
395,Sekoma,BW,2020-10-07 00:47:30,-24.4,23.88,63.0,82,75,6.46
396,Shakawe,BW,2020-10-07 00:47:31,-18.37,21.85,72.86,41,25,8.61
397,Palembang,ID,2020-10-07 00:46:52,-2.92,104.75,80.6,88,40,5.82
398,Mozarlandia,BR,2020-10-07 00:47:31,-14.74,-50.57,86.7,20,31,4.83
399,Trelew,AR,2020-10-07 00:47:31,-43.25,-65.31,58.82,32,100,13.65
400,Marawi,PH,2020-10-07 00:47:31,8.0,124.29,72.77,89,100,2.06
401,Mount Gambier,AU,2020-10-07 00:47:31,-37.83,140.77,53.6,87,90,8.05
402,Longyearbyen,SJ,2020-10-07 00:47:31,78.22,15.64,33.8,82,20,8.05
403,Isla Mujeres,MX,2020-10-07 00:47:32,21.23,-86.73,78.8,94,90,14.54
404,Sturlic,BA,2020-10-07 00:47:32,45.06,15.78,61.0,78,100,3.0
405,Prince Rupert,CA,2020-10-07 00:47:32,54.32,-130.32,53.6,81,1,4.7
406,Maua,BR,2020-10-07 00:47:07,-23.67,-46.46,68.0,88,90,9.17
407,Chuy,UY,2020-10-07 00:47:32,-33.7,-53.46,51.03,90,100,5.03
408,Avera,US,2020-10-07 00:47:33,33.19,-82.53,71.6,87,40,5.82
409,Cabedelo,BR,2020-10-07 00:47:33,-6.98,-34.83,75.2,88,20,5.82
410,Aklavik,CA,2020-10-07 00:47:33,68.22,-135.01,33.8,88,90,12.75
411,Uhlove,UA,2020-10-07 00:47:33,44.82,33.6,65.43,70,14,5.86
412,Sorland,NO,2020-10-07 00:47:33,67.67,12.69,53.6,75,100,26.89
413,Great Falls,US,2020-10-07 00:47:34,47.5,-111.3,77.0,25,1,12.75
414,Oktyabrskiy,RU,2020-10-07 00:47:34,54.48,53.47,48.27,73,100,8.25
415,Leshukonskoye,RU,2020-10-07 00:47:34,64.9,45.76,40.84,84,97,7.38
416,Requena,ES,2020-10-07 00:47:34,39.49,-1.1,54.0,82,8,4.27
417,Te Anau,NZ,2020-10-07 00:47:34,-45.42,167.72,51.4,62,62,4.92
418,Keti Bandar,PK,2020-10-07 00:47:34,24.14,67.45,80.46,76,41,9.66
419,Sousa,BR,2020-10-07 00:47:35,-6.76,-38.23,77.92,46,10,9.53
420,Jurmala,LV,2020-10-07 00:47:35,56.97,23.77,51.8,87,75,5.82
421,Rairangpur,IN,2020-10-07 00:47:35,22.27,86.18,78.8,94,75,1.57
422,General Roca,AR,2020-10-07 00:47:35,-39.03,-67.58,59.0,30,0,14.99
423,Qaqortoq,GL,2020-10-07 00:47:35,60.72,-46.03,24.8,49,0,13.87
424,Belton,US,2020-10-07 00:47:35,38.81,-94.53,73.4,53,1,3.36
425,College,US,2020-10-07 00:47:36,64.86,-147.8,42.01,86,90,3.11
426,Akhisar,TR,2020-10-07 00:47:36,38.92,27.84,71.85,42,97,1.5
427,De Aar,ZA,2020-10-07 00:47:36,-30.65,24.01,61.54,40,0,7.72
428,Sayat,TM,2020-10-07 00:47:36,38.78,63.88,35.6,64,0,9.17
429,Las Choapas,MX,2020-10-07 00:47:37,17.93,-94.08,82.4,69,75,23.04
430,Chhachhrauli,IN,2020-10-07 00:47:37,30.25,77.37,68.5,60,0,3.11
431,Mariestad,SE,2020-10-07 00:47:37,58.71,13.82,52.0,91,100,8.05
432,Caravelas,BR,2020-10-07 00:47:37,-17.71,-39.25,76.05,80,0,9.91
433,Marilia,BR,2020-10-07 00:47:37,-22.21,-49.95,83.32,22,18,5.48
434,Puerto Madryn,AR,2020-10-07 00:47:37,-42.77,-65.04,58.24,35,94,18.88
435,Saraland,US,2020-10-07 00:47:38,30.82,-88.07,75.99,90,97,3.74
436,Lincoln,US,2020-10-07 00:47:38,40.8,-96.67,73.99,46,0,10.63
437,Akdepe,TM,2020-10-07 00:47:38,42.06,59.38,33.8,50,0,4.7
438,Namibe,AO,2020-10-07 00:47:38,-15.2,12.15,60.98,84,0,2.73
439,Miechow,PL,2020-10-07 00:47:38,50.36,20.03,50.0,93,28,1.12
440,Vizianagaram,IN,2020-10-07 00:47:38,18.12,83.42,78.8,100,75,2.24
441,Maniitsoq,GL,2020-10-07 00:47:38,65.42,-52.9,25.48,85,0,7.61
442,Morro Bay,US,2020-10-07 00:45:44,35.37,-120.85,73.0,57,89,3.0
443,Quatre Cocos,MU,2020-10-07 00:47:39,-20.21,57.76,72.0,94,20,3.36
444,Vung Tau,VN,2020-10-07 00:47:39,10.35,107.08,76.59,92,100,11.27
445,Sechura,PE,2020-10-07 00:47:39,-5.56,-80.82,67.19,72,0,15.26
446,Porto Novo,BJ,2020-10-07 00:47:39,6.5,2.6,77.7,88,93,7.23
447,Chik,RU,2020-10-07 00:47:40,54.99,82.43,35.6,64,90,15.66
448,Manuk Mangkaw,PH,2020-10-07 00:47:40,4.8,119.85,84.33,69,92,3.76
449,Hambantota,LK,2020-10-07 00:47:40,6.12,81.12,75.2,94,40,4.7
450,Boende,CD,2020-10-07 00:47:40,-0.22,20.87,71.91,93,85,3.6
451,Andenes,NO,2020-10-07 00:47:41,69.31,16.12,53.6,71,29,19.46
452,Mastung,PK,2020-10-07 00:47:41,29.8,66.84,56.77,33,0,3.49
453,Dabat,ET,2020-10-07 00:47:41,12.98,37.77,51.04,79,0,3.8
454,Luqa,RU,2020-10-07 00:47:41,58.74,29.85,53.35,94,100,4.83
455,Visby,SE,2020-10-07 00:47:42,57.64,18.3,54.0,100,98,11.41
456,Durban,ZA,2020-10-07 00:47:12,-29.86,31.03,68.0,82,75,6.93
457,Popondetta,PG,2020-10-07 00:47:42,-8.75,148.25,90.5,48,100,4.38
458,Puerto Escondido,MX,2020-10-07 00:46:09,15.85,-97.07,82.4,69,75,3.36
459,Vestmanna,FO,2020-10-07 00:47:43,62.16,-7.17,50.0,93,100,4.7
460,Beringovskiy,RU,2020-10-07 00:47:43,63.05,179.32,42.96,91,100,41.47
461,Belmonte,BR,2020-10-07 00:47:43,-15.86,-38.88,77.0,78,20,11.41
462,Paita,PE,2020-10-07 00:47:44,-5.09,-81.11,63.52,83,0,14.0
463,Zatoka,UA,2020-10-07 00:47:44,46.07,30.47,68.0,94,75,11.18
464,Boyolangu,ID,2020-10-07 00:47:44,-8.12,111.89,78.44,70,47,9.22
465,Penzance,GB,2020-10-07 00:47:44,50.12,-5.54,53.6,87,69,16.11
466,Port Hawkesbury,CA,2020-10-07 00:46:14,45.62,-61.35,55.0,93,90,4.7
467,Matay,EG,2020-10-07 00:47:45,28.42,30.78,70.65,51,0,8.93
468,Synya,RU,2020-10-07 00:47:45,65.37,58.04,29.44,97,0,3.98
469,Santo Antonio Do Sudoeste,BR,2020-10-07 00:47:45,-26.07,-53.73,73.35,64,0,3.44
470,Chipata,ZM,2020-10-07 00:47:45,-13.63,32.65,65.95,71,0,7.81
471,Key West,US,2020-10-07 00:47:46,24.56,-81.78,87.8,79,1,18.34
472,Creel,MX,2020-10-07 00:46:07,27.75,-107.63,57.06,38,0,7.09
473,Bumba,CD,2020-10-07 00:47:46,2.18,22.47,70.74,95,100,1.74
474,Kundiawa,PG,2020-10-07 00:47:46,-6.02,144.97,77.74,57,87,1.72
475,Broken Hill,AU,2020-10-07 00:47:46,-31.95,141.43,53.6,93,90,8.05
476,Vestmannaeyjar,IS,2020-10-07 00:47:47,63.44,-20.27,43.56,82,100,3.53
477,Naze,JP,2020-10-07 00:47:47,28.37,129.48,80.6,69,75,23.04
478,Port Hedland,AU,2020-10-07 00:47:47,-20.32,118.57,73.4,17,0,21.92
479,Salalah,OM,2020-10-07 00:47:47,17.02,54.09,78.8,78,40,3.36
480,Talmenka,RU,2020-10-07 00:47:47,53.82,83.57,33.8,64,100,15.66
481,Zhigansk,RU,2020-10-07 00:47:47,66.77,123.37,32.47,91,0,11.48
482,Linhares,BR,2020-10-07 00:47:48,-19.39,-40.07,74.8,77,0,4.47
483,Chernyshevskiy,RU,2020-10-07 00:47:48,63.01,112.47,35.53,86,100,10.16
484,Morant Bay,JM,2020-10-07 00:47:49,17.88,-76.41,82.4,83,20,11.41
485,Baherden,TM,2020-10-07 00:47:49,38.44,57.43,58.35,29,81,7.61
486,Kavaratti,IN,2020-10-07 00:47:49,10.57,72.64,80.76,76,99,13.91
487,Viedma,AR,2020-10-07 00:43:39,-40.81,-63.0,54.0,59,56,3.0
488,Vostok,RU,2020-10-07 00:47:49,46.49,135.88,41.47,90,95,4.05
489,Kharp,RU,2020-10-07 00:47:49,66.8,65.81,30.51,95,60,7.05
490,Turkistan,KZ,2020-10-07 00:47:50,43.0,68.0,30.0,74,0,1.45
491,Coihaique,CL,2020-10-07 00:47:50,-45.58,-72.07,39.2,86,75,3.36
492,Lithakia,GR,2020-10-07 00:44:50,37.72,20.83,66.2,82,20,3.36
493,Fort Nelson,CA,2020-10-07 00:47:50,58.81,-122.7,57.2,28,75,11.41
494,Vallenar,CL,2020-10-07 00:47:50,-28.57,-70.76,64.49,45,0,0.56
495,Khorostkiv,UA,2020-10-07 00:47:51,49.21,25.92,60.01,96,100,5.14
496,Baruun-Urt,MN,2020-10-07 00:47:51,46.68,113.28,42.3,55,0,7.23
497,Ust-Koksa,RU,2020-10-07 00:47:51,50.27,85.61,23.9,92,35,3.15
498,Tiznit,MA,2020-10-07 00:47:52,29.58,-9.5,69.53,42,89,1.61
499,Sarangani,PH,2020-10-07 00:47:52,5.4,125.46,78.66,87,100,9.35
500,Henties Bay,NA,2020-10-07 00:47:52,-22.12,14.28,55.99,91,6,3.49
501,La Ronge,CA,2020-10-07 00:47:52,55.1,-105.28,50.0,76,75,6.93
502,Mizque,BO,2020-10-07 00:47:52,-17.94,-65.34,66.9,46,6,4.18
503,Wangqing,CN,2020-10-07 00:47:53,43.32,129.76,51.01,55,0,2.08
504,Kapit,MY,2020-10-07 00:47:53,2.02,112.93,82.58,75,100,1.74
505,Komsomolskiy,UZ,2020-10-07 00:47:53,40.43,71.72,50.0,57,100,4.7
506,Natal,BR,2020-10-07 00:43:35,-5.79,-35.21,75.2,88,40,4.7
507,Ingham,US,2020-10-07 00:47:53,42.6,-84.38,60.8,67,1,8.7
508,Broome,US,2020-10-07 00:47:54,42.25,-75.83,57.2,50,90,8.05
509,Syamzha,RU,2020-10-07 00:47:54,60.02,41.06,49.28,89,100,5.14
510,Meulaboh,ID,2020-10-07 00:47:54,4.14,96.13,75.27,87,100,4.05
511,Xinqing,CN,2020-10-07 00:47:54,48.23,129.5,45.21,58,0,4.85
512,Chaohu,CN,2020-10-07 00:47:55,31.6,117.87,55.4,87,90,2.24
513,Nordhorn,DE,2020-10-07 00:47:55,52.43,7.08,54.0,74,75,12.95
514,Pincher Creek,CA,2020-10-07 00:45:05,49.48,-113.95,69.8,37,1,16.11
515,Portree,GB,2020-10-07 00:47:56,57.41,-6.19,51.01,89,58,11.01
516,Seoul,KR,2020-10-07 00:43:31,37.57,126.98,59.0,51,40,4.68
517,Khandbari,NP,2020-10-07 00:47:56,27.37,87.2,70.2,64,22,2.71
518,Kirensk,RU,2020-10-07 00:47:56,57.79,108.11,34.47,81,96,12.03
519,Brae,GB,2020-10-07 00:47:56,60.4,-1.35,51.8,93,100,8.05
520,Vrangel,RU,2020-10-07 00:47:57,42.73,133.08,54.39,54,0,6.6
521,Tokur,RU,2020-10-07 00:47:57,53.13,132.9,40.14,63,0,2.98
522,Maraba,BR,2020-10-07 00:47:57,-5.37,-49.12,79.63,68,30,2.82
523,Huarmey,PE,2020-10-07 00:47:57,-10.07,-78.15,63.52,81,66,6.71
524,Manggar,ID,2020-10-07 00:47:58,-2.88,108.27,84.54,68,28,11.27
525,Camopi,GF,2020-10-07 00:47:58,3.17,-52.32,73.49,96,100,2.66
526,Tocopilla,CL,2020-10-07 00:47:58,-22.09,-70.2,61.43,64,51,5.64
527,Saint-Pierre,RE,2020-10-07 00:47:58,-21.34,55.48,69.8,83,27,4.7
528,Coahuayana,MX,2020-10-07 00:45:10,18.73,-103.68,73.4,78,75,1.23
529,Ogembo,KE,2020-10-07 00:47:58,-0.8,34.73,58.6,75,0,5.21
530,Male,MV,2020-10-07 00:47:59,4.17,73.51,82.4,83,75,14.99
531,Malakal,SS,2020-10-07 00:47:59,9.53,31.66,70.9,90,100,1.74
532,Knysna,ZA,2020-10-07 00:47:59,-34.04,23.05,55.4,100,0,2.24
533,Diamantino,BR,2020-10-07 00:45:27,-14.41,-56.45,85.96,22,1,2.55
534,Cherskiy,RU,2020-10-07 00:47:59,68.75,161.3,33.28,84,0,4.41
535,Veshenskaya,RU,2020-10-07 00:47:59,49.63,41.73,46.6,56,7,6.96
536,Aksehir,TR,2020-10-07 00:47:59,38.36,31.42,65.84,41,39,1.45
537,Dubbo,AU,2020-10-07 00:48:00,-32.25,148.62,73.4,64,94,10.29
538,Chapleau,CA,2020-10-07 00:48:00,47.84,-83.4,51.8,66,75,5.82
